{
 "Qwen3.5-2B-base_reasoning": {
  "n_full": 1319,
  "n_sub": 1187,
  "point": {
   "beta1": 51,
   "beta1_raw": 1025,
   "surv": 44.6
  },
  "sub90": {
   "beta1": {
    "mean": 47.02,
    "std": 4.474326765000518,
    "ci": [
     37.475,
     56.52499999999999
    ]
   },
   "beta1_raw": {
    "mean": 903.69,
    "std": 16.603430368450972,
    "ci": [
     876.475,
     940.0999999999999
    ]
   },
   "surv": {
    "mean": 44.56,
    "std": 1.0565036677645752,
    "ci": [
     42.6475,
     46.805
    ]
   }
  }
 },
 "Qwen3.5-2B-base_hallucination": {
  "n_full": 1319,
  "n_sub": 1187,
  "point": {
   "beta1": 31,
   "beta1_raw": 1000,
   "surv": 36.7
  },
  "sub90": {
   "beta1": {
    "mean": 27.83,
    "std": 3.2095326762630103,
    "ci": [
     21.475,
     34.52499999999999
    ]
   },
   "beta1_raw": {
    "mean": 877.47,
    "std": 15.793324539184267,
    "ci": [
     847.425,
     909.525
    ]
   },
   "surv": {
    "mean": 36.909,
    "std": 0.9449968253914931,
    "ci": [
     35.0,
     38.605
    ]
   }
  }
 },
 "Qwen3.5-4B-base_reasoning": {
  "n_full": 1319,
  "n_sub": 1187,
  "point": {
   "beta1": 46,
   "beta1_raw": 858,
   "surv": 41.1
  },
  "sub90": {
   "beta1": {
    "mean": 42.47,
    "std": 3.4625279782263134,
    "ci": [
     36.475,
     48.52499999999999
    ]
   },
   "beta1_raw": {
    "mean": 756.94,
    "std": 14.613569037028565,
    "ci": [
     731.0,
     788.0
    ]
   },
   "surv": {
    "mean": 41.881,
    "std": 1.1776837436255967,
    "ci": [
     40.1,
     44.5
    ]
   }
  }
 },
 "Qwen3.5-4B-base_hallucination": {
  "n_full": 1319,
  "n_sub": 1187,
  "point": {
   "beta1": 32,
   "beta1_raw": 825,
   "surv": 35.9
  },
  "sub90": {
   "beta1": {
    "mean": 28.56,
    "std": 3.047359512758545,
    "ci": [
     22.475,
     34.0
    ]
   },
   "beta1_raw": {
    "mean": 732.37,
    "std": 14.698064498429718,
    "ci": [
     706.95,
     762.525
    ]
   },
   "surv": {
    "mean": 36.23499999999999,
    "std": 1.1454584235143588,
    "ci": [
     34.2,
     38.5
    ]
   }
  }
 },
 "Qwen3.5-9B-base_reasoning": {
  "n_full": 1319,
  "n_sub": 1187,
  "point": {
   "beta1": 27,
   "beta1_raw": 946,
   "surv": 37.5
  },
  "sub90": {
   "beta1": {
    "mean": 25.91,
    "std": 3.4614881192920484,
    "ci": [
     20.0,
     33.0
    ]
   },
   "beta1_raw": {
    "mean": 829.87,
    "std": 13.539316821760245,
    "ci": [
     804.475,
     853.0
    ]
   },
   "surv": {
    "mean": 38.214,
    "std": 0.9038827357572442,
    "ci": [
     36.6475,
     40.0
    ]
   }
  }
 },
 "Qwen3.5-9B-base_hallucination": {
  "n_full": 1319,
  "n_sub": 1187,
  "point": {
   "beta1": 10,
   "beta1_raw": 872,
   "surv": 25.5
  },
  "sub90": {
   "beta1": {
    "mean": 9.56,
    "std": 2.9336666477294244,
    "ci": [
     6.0,
     17.0
    ]
   },
   "beta1_raw": {
    "mean": 769.49,
    "std": 14.283903528097632,
    "ci": [
     747.425,
     799.525
    ]
   },
   "surv": {
    "mean": 26.675,
    "std": 2.6651594699004413,
    "ci": [
     24.0,
     34.06249999999999
    ]
   }
  }
 },
 "Qwen3.5-9B-Inst_reasoning": {
  "n_full": 1319,
  "n_sub": 1187,
  "point": {
   "beta1": 1,
   "beta1_raw": 1074,
   "surv": 19.3
  },
  "sub90": {
   "beta1": {
    "mean": 1.28,
    "std": 1.8872201779336715,
    "ci": [
     0.0,
     3.0
    ]
   },
   "beta1_raw": {
    "mean": 950.18,
    "std": 21.505989863291575,
    "ci": [
     912.9,
     993.625
    ]
   },
   "surv": {
    "mean": 20.328,
    "std": 2.0268734543626548,
    "ci": [
     18.4,
     24.909999999999997
    ]
   }
  }
 },
 "Qwen3.5-9B-Inst_hallucination": {
  "n_full": 1319,
  "n_sub": 1187,
  "point": {
   "beta1": 17,
   "beta1_raw": 1027,
   "surv": 30.0
  },
  "sub90": {
   "beta1": {
    "mean": 13.5,
    "std": 2.495996794869737,
    "ci": [
     9.475,
     20.049999999999983
    ]
   },
   "beta1_raw": {
    "mean": 903.29,
    "std": 16.37577173753958,
    "ci": [
     866.95,
     930.525
    ]
   },
   "surv": {
    "mean": 30.321000000000005,
    "std": 1.0016281745238598,
    "ci": [
     28.495,
     32.4525
    ]
   }
  }
 },
 "Qwen2.5-0.5B-base_reasoning": {
  "n_full": 1319,
  "n_sub": 1187,
  "point": {
   "beta1": 22,
   "beta1_raw": 1263,
   "surv": 34.9
  },
  "sub90": {
   "beta1": {
    "mean": 19.68,
    "std": 2.792418306772823,
    "ci": [
     14.0,
     25.0
    ]
   },
   "beta1_raw": {
    "mean": 1116.33,
    "std": 16.484571574657316,
    "ci": [
     1088.375,
     1146.525
    ]
   },
   "surv": {
    "mean": 34.765,
    "std": 0.9329924972903051,
    "ci": [
     33.2,
     36.9
    ]
   }
  }
 },
 "Qwen2.5-0.5B-base_hallucination": {
  "n_full": 1319,
  "n_sub": 1187,
  "point": {
   "beta1": 2,
   "beta1_raw": 1223,
   "surv": 20.2
  },
  "sub90": {
   "beta1": {
    "mean": 3.01,
    "std": 1.8573906428104991,
    "ci": [
     0.4750000000000001,
     9.0
    ]
   },
   "beta1_raw": {
    "mean": 1081.58,
    "std": 17.427667658066014,
    "ci": [
     1042.0,
     1115.675
    ]
   },
   "surv": {
    "mean": 21.162000000000006,
    "std": 2.468148293761945,
    "ci": [
     18.895,
     28.3525
    ]
   }
  }
 },
 "Qwen3-1.7B-base_reasoning": {
  "n_full": 1319,
  "n_sub": 1187,
  "point": {
   "beta1": 30,
   "beta1_raw": 1019,
   "surv": 39.2
  },
  "sub90": {
   "beta1": {
    "mean": 27.97,
    "std": 3.054357542921261,
    "ci": [
     22.0,
     32.52499999999999
    ]
   },
   "beta1_raw": {
    "mean": 900.27,
    "std": 15.113474120796976,
    "ci": [
     875.425,
     935.525
    ]
   },
   "surv": {
    "mean": 38.687,
    "std": 1.054671038760428,
    "ci": [
     36.795,
     40.605
    ]
   }
  }
 },
 "Qwen3-1.7B-base_hallucination": {
  "n_full": 1319,
  "n_sub": 1187,
  "point": {
   "beta1": 14,
   "beta1_raw": 966,
   "surv": 31.8
  },
  "sub90": {
   "beta1": {
    "mean": 12.69,
    "std": 2.3267788893661554,
    "ci": [
     9.0,
     18.0
    ]
   },
   "beta1_raw": {
    "mean": 854.18,
    "std": 14.894549338600346,
    "ci": [
     829.0,
     883.05
    ]
   },
   "surv": {
    "mean": 31.609,
    "std": 1.1324394023522848,
    "ci": [
     29.695,
     33.904999999999994
    ]
   }
  }
 }
}