{
 "Qwen3.5-2B-base_reasoning": {
  "n_full": 1319,
  "point": {
   "beta1": 51,
   "beta1_raw": 1025,
   "surv": 44.6
  },
  "bootstrap_fullN": {
   "beta1": {
    "mean": 34.66,
    "std": 5.457508589090814,
    "ci": [
     23.0,
     44.52499999999999
    ]
   },
   "beta1_raw": {
    "mean": 589.31,
    "std": 23.33910666670856,
    "ci": [
     548.475,
     637.675
    ]
   },
   "surv": {
    "mean": 44.52,
    "std": 1.7134176373552363,
    "ci": [
     40.8425,
     47.904999999999994
    ]
   }
  },
  "subsample_n300": {
   "beta1": {
    "mean": 12.33,
    "std": 3.4526945998741327,
    "ci": [
     6.475,
     19.52499999999999
    ]
   },
   "beta1_raw": {
    "mean": 171.43,
    "std": 15.636019314390733,
    "ci": [
     144.475,
     203.52499999999998
    ]
   },
   "surv": {
    "mean": 47.196,
    "std": 3.7950736488242227,
    "ci": [
     40.3475,
     54.404999999999994
    ]
   }
  }
 },
 "Qwen3.5-2B-base_hallucination": {
  "n_full": 1319,
  "point": {
   "beta1": 31,
   "beta1_raw": 1000,
   "surv": 36.7
  },
  "bootstrap_fullN": {
   "beta1": {
    "mean": 19.94,
    "std": 4.692163680009469,
    "ci": [
     11.475,
     29.0
    ]
   },
   "beta1_raw": {
    "mean": 574.69,
    "std": 22.196709215557156,
    "ci": [
     532.95,
     614.525
    ]
   },
   "surv": {
    "mean": 37.739000000000004,
    "std": 2.0614507027819027,
    "ci": [
     33.4275,
     41.305
    ]
   }
  },
  "subsample_n300": {
   "beta1": {
    "mean": 7.56,
    "std": 3.578603079415207,
    "ci": [
     2.0,
     16.52499999999999
    ]
   },
   "beta1_raw": {
    "mean": 165.47,
    "std": 14.085066560013127,
    "ci": [
     141.475,
     193.04999999999998
    ]
   },
   "surv": {
    "mean": 42.38400000000001,
    "std": 4.245697115904524,
    "ci": [
     35.995,
     50.957499999999996
    ]
   }
  }
 },
 "Qwen3.5-4B-base_reasoning": {
  "n_full": 1319,
  "point": {
   "beta1": 46,
   "beta1_raw": 858,
   "surv": 41.1
  },
  "bootstrap_fullN": {
   "beta1": {
    "mean": 29.89,
    "std": 4.787264354513964,
    "ci": [
     21.0,
     38.52499999999999
    ]
   },
   "beta1_raw": {
    "mean": 497.67,
    "std": 20.053456061237924,
    "ci": [
     465.425,
     536.5749999999999
    ]
   },
   "surv": {
    "mean": 43.352000000000004,
    "std": 2.163676500773625,
    "ci": [
     39.2,
     48.3525
    ]
   }
  },
  "subsample_n300": {
   "beta1": {
    "mean": 11.09,
    "std": 2.908934512841429,
    "ci": [
     5.475,
     16.52499999999999
    ]
   },
   "beta1_raw": {
    "mean": 144.54,
    "std": 13.278870433888569,
    "ci": [
     122.375,
     172.09999999999997
    ]
   },
   "surv": {
    "mean": 46.942,
    "std": 3.9217389000289145,
    "ci": [
     40.1425,
     54.97249999999999
    ]
   }
  }
 },
 "Qwen3.5-4B-base_hallucination": {
  "n_full": 1319,
  "point": {
   "beta1": 32,
   "beta1_raw": 825,
   "surv": 35.9
  },
  "bootstrap_fullN": {
   "beta1": {
    "mean": 18.24,
    "std": 3.906712172658743,
    "ci": [
     12.475,
     25.52499999999999
    ]
   },
   "beta1_raw": {
    "mean": 484.49,
    "std": 21.5803127873532,
    "ci": [
     439.275,
     524.0999999999999
    ]
   },
   "surv": {
    "mean": 36.821,
    "std": 2.011133759847912,
    "ci": [
     33.137499999999996,
     40.3575
    ]
   }
  },
  "subsample_n300": {
   "beta1": {
    "mean": 6.45,
    "std": 2.8438530201119745,
    "ci": [
     2.0,
     13.524999999999991
    ]
   },
   "beta1_raw": {
    "mean": 137.01,
    "std": 14.482054412271761,
    "ci": [
     115.475,
     168.7249999999999
    ]
   },
   "surv": {
    "mean": 40.547000000000004,
    "std": 4.902070072938575,
    "ci": [
     32.39,
     50.03499999999999
    ]
   }
  }
 },
 "Qwen3.5-9B-base_reasoning": {
  "n_full": 1319,
  "point": {
   "beta1": 27,
   "beta1_raw": 946,
   "surv": 37.5
  },
  "bootstrap_fullN": {
   "beta1": {
    "mean": 19.59,
    "std": 4.972112227212898,
    "ci": [
     11.0,
     29.52499999999999
    ]
   },
   "beta1_raw": {
    "mean": 535.75,
    "std": 19.877814266161156,
    "ci": [
     494.475,
     573.0
    ]
   },
   "surv": {
    "mean": 39.584999999999994,
    "std": 2.188989492893924,
    "ci": [
     35.0325,
     43.5525
    ]
   }
  },
  "subsample_n300": {
   "beta1": {
    "mean": 8.52,
    "std": 3.109598044763985,
    "ci": [
     2.475,
     14.0
    ]
   },
   "beta1_raw": {
    "mean": 151.1,
    "std": 13.045688943095339,
    "ci": [
     129.425,
     175.575
    ]
   },
   "surv": {
    "mean": 43.653,
    "std": 4.547998570800128,
    "ci": [
     35.1475,
     51.41
    ]
   }
  }
 },
 "Qwen3.5-9B-base_hallucination": {
  "n_full": 1319,
  "point": {
   "beta1": 10,
   "beta1_raw": 872,
   "surv": 25.5
  },
  "bootstrap_fullN": {
   "beta1": {
    "mean": 8.46,
    "std": 4.316063020855928,
    "ci": [
     2.475,
     17.0
    ]
   },
   "beta1_raw": {
    "mean": 504.18,
    "std": 23.473551073495464,
    "ci": [
     462.475,
     547.625
    ]
   },
   "surv": {
    "mean": 30.013,
    "std": 4.139436072703624,
    "ci": [
     23.947499999999998,
     37.41
    ]
   }
  },
  "subsample_n300": {
   "beta1": {
    "mean": 4.23,
    "std": 2.7197610189132426,
    "ci": [
     0.0,
     11.0
    ]
   },
   "beta1_raw": {
    "mean": 138.62,
    "std": 15.338696163624858,
    "ci": [
     113.95,
     171.0
    ]
   },
   "surv": {
    "mean": 35.731,
    "std": 6.520363410117568,
    "ci": [
     23.6,
     50.23749999999997
    ]
   }
  }
 },
 "Qwen3.5-9B-Inst_reasoning": {
  "n_full": 1319,
  "point": {
   "beta1": 1,
   "beta1_raw": 1074,
   "surv": 19.3
  },
  "bootstrap_fullN": {
   "beta1": {
    "mean": 1.52,
    "std": 2.295560933628206,
    "ci": [
     0.0,
     4.5249999999999915
    ]
   },
   "beta1_raw": {
    "mean": 613.42,
    "std": 27.946083804354416,
    "ci": [
     563.95,
     660.3499999999999
    ]
   },
   "surv": {
    "mean": 22.905,
    "std": 3.350145519227486,
    "ci": [
     18.7475,
     29.144999999999985
    ]
   }
  },
  "subsample_n300": {
   "beta1": {
    "mean": 2.85,
    "std": 3.0442568879777543,
    "ci": [
     0.0,
     10.049999999999983
    ]
   },
   "beta1_raw": {
    "mean": 172.58,
    "std": 16.984216202109533,
    "ci": [
     143.0,
     215.0
    ]
   },
   "surv": {
    "mean": 32.903,
    "std": 8.136466739316274,
    "ci": [
     19.947499999999998,
     47.86749999999999
    ]
   }
  }
 },
 "Qwen3.5-9B-Inst_hallucination": {
  "n_full": 1319,
  "point": {
   "beta1": 17,
   "beta1_raw": 1027,
   "surv": 30.0
  },
  "bootstrap_fullN": {
   "beta1": {
    "mean": 7.88,
    "std": 2.7249954128401757,
    "ci": [
     4.0,
     13.524999999999991
    ]
   },
   "beta1_raw": {
    "mean": 586.71,
    "std": 25.25165143114406,
    "ci": [
     545.375,
     638.8749999999999
    ]
   },
   "surv": {
    "mean": 31.586000000000002,
    "std": 1.8112437715558887,
    "ci": [
     28.7,
     35.10999999999999
    ]
   }
  },
  "subsample_n300": {
   "beta1": {
    "mean": 3.5,
    "std": 2.0566963801203135,
    "ci": [
     0.0,
     7.5249999999999915
    ]
   },
   "beta1_raw": {
    "mean": 159.68,
    "std": 13.552770934388288,
    "ci": [
     136.0,
     189.77499999999992
    ]
   },
   "surv": {
    "mean": 36.104,
    "std": 3.801260843457076,
    "ci": [
     29.442500000000003,
     43.3575
    ]
   }
  }
 },
 "Qwen2.5-0.5B-base_reasoning": {
  "n_full": 1319,
  "point": {
   "beta1": 22,
   "beta1_raw": 1263,
   "surv": 34.9
  },
  "bootstrap_fullN": {
   "beta1": {
    "mean": 13.89,
    "std": 3.5437127423085526,
    "ci": [
     8.0,
     20.0
    ]
   },
   "beta1_raw": {
    "mean": 736.13,
    "std": 27.892886189851346,
    "ci": [
     685.8,
     787.625
    ]
   },
   "surv": {
    "mean": 35.793,
    "std": 1.9883789880201408,
    "ci": [
     32.285000000000004,
     39.81999999999999
    ]
   }
  },
  "subsample_n300": {
   "beta1": {
    "mean": 6.82,
    "std": 3.2996363435990945,
    "ci": [
     1.0,
     14.0
    ]
   },