{
  "Qwen/Qwen3.5-2B": 0.5458680818802123,
  "Qwen/Qwen2.5-3B-Instruct": 0.07657316148597422
}