{"0": {"qid": 0, "beta1": 5, "beta1_raw": 38, "spread": 3.716, "sol_len": 62, "base_lp": -1.3872, "drops": {"0.5": -0.004294693470001221, "1.0": 0.36602306365966797, "2.0": 2.243217706680298}}, "1": {"qid": 1, "beta1": 5, "beta1_raw": 36, "spread": 3.746, "sol_len": 47, "base_lp": -2.0443, "drops": {"0.5": 0.043328046798706055, "1.0": 0.18370187282562256, "2.0": 1.7604846954345703}}, "2": {"qid": 2, "beta1": 3, "beta1_raw": 39, "spread": 3.743, "sol_len": 210, "base_lp": -0.5703, "drops": {"0.5": 0.005041539669036865, "1.0": 0.17296931147575378, "2.0": 1.306730329990387}}, "3": {"qid": 3, "beta1": 5, "beta1_raw": 39, "spread": 3.755, "sol_len": 47, "base_lp": -1.6871, "drops": {"0.5": 0.0034260153770446777, "1.0": 0.29050880670547485, "2.0": 2.2723567485809326}}, "4": {"qid": 4, "beta1": 4, "beta1_raw": 39, "spread": 3.752, "sol_len": 110, "base_lp": -1.1106, "drops": {"0.5": -0.002094447612762451, "1.0": 0.11953896284103394, "2.0": 1.8550728559494019}}, "5": {"qid": 5, "beta1": 5, "beta1_raw": 39, "spread": 3.758, "sol_len": 172, "base_lp": -1.0403, "drops": {"0.5": 0.05837935209274292, "1.0": 0.2855687141418457, "2.0": 2.3246545791625977}}, "6": {"qid": 6, "beta1": 4, "beta1_raw": 34, "spread": 3.734, "sol_len": 112, "base_lp": -0.8411, "drops": {"0.5": 0.003439873456954956, "1.0": 0.2930653691291809, "2.0": 2.615778148174286}}, "7": {"qid": 7, "beta1": 7, "beta1_raw": 39, "spread": 3.772, "sol_len": 196, "base_lp": -1.0474, "drops": {"0.5": 0.030234873294830322, "1.0": 0.19053930044174194, "2.0": 1.8665755987167358}}, "8": {"qid": 8, "beta1": 4, "beta1_raw": 41, "spread": 3.772, "sol_len": 196, "base_lp": -0.962, "drops": {"0.5": 0.054308950901031494, "1.0": 0.23184847831726074, "2.0": 2.2098016142845154}}, "9": {"qid": 9, "beta1": 5, "beta1_raw": 39, "spread": 3.758, "sol_len": 165, "base_lp": -0.9773, "drops": {"0.5": 0.04369807243347168, "1.0": 0.2097465991973877, "2.0": 2.0390679240226746}}, "10": {"qid": 10, "beta1": 4, "beta1_raw": 38, "spread": 3.753, "sol_len": 193, "base_lp": -0.7483, "drops": {"0.5": 0.03195822238922119, "1.0": 0.24885037541389465, "2.0": 1.9004066586494446}}, "11": {"qid": 11, "beta1": 3, "beta1_raw": 42, "spread": 3.701, "sol_len": 150, "base_lp": -0.625, "drops": {"0.5": 0.0535244345664978, "1.0": 0.25464561581611633, "2.0": 2.3885056376457214}}, "_RT3": {"n": 12, "frac_b1_0": 0.0, "frac_b1_ge1": 1.0, "0.5": {"mean_drop": 0.027, "partial_corr_beta1_robust|spread,len,base": [0.139, 0.666], "robust_b1_0": NaN, "robust_b1_ge1": -0.027, "corr_spread_drop": 0.199}, "1.0": {"mean_drop": 0.237, "partial_corr_beta1_robust|spread,len,base": [-0.346, 0.27], "robust_b1_0": NaN, "robust_b1_ge1": -0.237, "corr_spread_drop": -0.412}, "2.0": {"mean_drop": 2.065, "partial_corr_beta1_robust|spread,len,base": [-0.328, 0.298], "robust_b1_0": NaN, "robust_b1_ge1": -2.065, "corr_spread_drop": -0.288}, "headline_alpha": "1.0", "verdict": "NO_REDUNDANCY_SUBSTRATE", "note": "FILTERED beta1 (persistent loops = independent routes). NO_REDUNDANCY_SUBSTRATE = filtered beta1 has no item-level variance (no redundancy exists to test, vacuous). REDUNDANCY_ROBUSTNESS = positive partial controlling spread/length/base (the one uniquely-topological signal). Else null."}}